https://www.cpp.edu/safety/safer-return/faculty/index.shtml, 58
https://www.cpp.edu/~studentconduct/, 33
https://www.cpp.edu/faculty-staff-gateway/index.shtml, 126
https://www.cpp.edu/~alumni/, 76
https://my.cpp.edu, 10
https://www.cpp.edu/~international/index.shtml, 102
http://polycentric.cpp.edu/social-media/, 266
http://www.cpp.edu/~drc/index.shtml, 52
http://polycentric.cpp.edu/tag/veterans-resource-center/, 139
https://www.foundation.cpp.edu/dining/hours.aspx, 64
https://www.cpp.edu/#CPPCarousel, 90
http://polycentric.cpp.edu/category/news/, 145
http://www.cpp.edu/~aboutcpp/visitor-information/directions.shtml, 48
http://www.cpp.edu/~admissions/index.shtml#undergraduate, 72
http://www.cpp.edu/~academics/university-catalog/index.shtml, 1
https://www.cpp.edu/safety/safer-return/key-areas-of-effort/health-and-well-being.shtml, 52
https://www.foundation.cpp.edu/dining/, 66
https://foundation.cpp.edu/village/, 86
https://outlook.office365.com/cpp.edu, 0
http://www.cpp.edu/giving/why-give.shtml, 19
https://www.cpp.edu/admissions/, 72
https://www.cpp.edu/agri/, 126
https://www.cpp.edu/safety/safer-return/key-areas-of-effort/face-coverings.shtml, 33
https://www.cpp.edu/~student-accounting/, 100
https://www.cpp.edu/website-feedback.shtml, 12
https://www.cpp.edu/prospective-student-gateway/index.shtml#main, 151
http://www.cpp.edu/~admissions/index.shtml#graduate, 72
https://www.cpp.edu/~officeofequity/titleIX/index.shtml, 56
https://www.cpp.edu/transportation/commuting-to-campus/bike-walk.shtml, 33
https://www.cpp.edu/basicneeds/events/calendar-of-events.shtml, 36
https://www.cpp.edu/employee-health-screener, 1
https://www.cpp.edu/officeofequity/titleIX/index.shtml, 56
http://polycentric.cpp.edu/about/, 101
https://www.cpp.edu/transportation/commuting-to-campus/rideshare.shtml, 41
https://www.cpp.edu/~ssep/index.shtml, 110
https://www.cpp.edu/cba/, 83
http://www.cpp.edu/giving/index.shtml, 31
https://www.cpp.edu/~polytransfer/, 79
https://www.cpp.edu/safety/safer-return/key-areas-of-effort/athletics.shtml, 31
http://www.cpp.edu/~registrar/index.shtml, 38
https://www.cpp.edu/basicneeds/food-resources/poly-pantry.shtml, 66
https://www.cpp.edu/family/index.shtml, 40
http://www.cpp.edu/events, 22
http://polycentric.cpp.edu/2019/10/veterans-resource-center-hosts-future-forward-event/, 110
http://www.cpp.edu/~campus-life/diversity/index.shtml, 87
http://polycentric.cpp.edu/2020/11/, 139
https://www.cpp.edu/~academics/majors-degrees/index.shtml, 81
https://www.cpp.edu/learndiscovery/contact-us/task-force.shtml, 30
https://www.cpp.edu/safety/safer-return/key-areas-of-effort/dining.shtml, 30
http://polycentric.cpp.edu/category/in-memoriam/, 153
https://nam03.safelinks.protection.outlook.com/?url=http%3A%2F%2Fpublichealth.lacounty.gov%2Fmedia%2FCoronavirus%2Fdocs%2FHOO%2FHOO_COVID-19_Safer%2520at%2520Work%2520and%2520in%2520the%2520Community-Phase%25203_bars%2520closed_06282020.pdf&data=02%7C01%7Cestherchou%40cpp.edu%7C740392314481415e654708d82a8d9575%7C164ba61e39ec4f5d89ffaa1f00a521b4%7C0%7C0%7C637306135089940782&sdata=wCFjK%2B8SfGK9hbeI1RnEzVL8T%2FLBgHcgTQJ6DTwG%2BRY%3D&reserved=0, 2
http://www.cpp.edu/student-health-screener, 1
http://polycentric.cpp.edu/2020/10/interviewing-for-a-job-students-can-apply-for-free-professional-attire-stipend/, 126
http://www.cpp.edu/president/, 71
http://www.cpp.edu/~campus-life/recreation-fitness/index.shtml, 86
http://polycentric.cpp.edu/2020/10/first-ever-latino-chancellor-in-cal-state-history-appointed-for-2021/, 100
http://www.cpp.edu/academic-affairs/index.shtml, 104
http://polycentric.cpp.edu/2020/11/cactus-bloom/, 99
https://mybar.cpp.edu/event/6599531, 0
https://www.cpp.edu/veterans/index.shtml, 112
https://www.cpp.edu/~cppbit/, 30
https://www.cpp.edu/safety/safer-return/staff/index.shtml, 56
http://polycentric.cpp.edu/archives/, 336
http://polycentric.cpp.edu/2020/08/university-is-top-csu-on-moneys-best-colleges-ranking/, 121
https://www.cpp.edu/learndiscovery/students/ltd-fye-showcase.shtml#main, 34
https://www.cpp.edu/learndiscovery/faculty-and-staff/ltd-institutes.shtml, 31
https://www.cpp.edu/annual-security-report.shtml, 12
http://polycentric.cpp.edu/2020/10/ssb-wins-l-a-business-council-architectural-award-for-sustainability/, 127
http://polycentric.cpp.edu/2020/01/new-dining-commons-to-open-at-cal-poly-pomona/, 117
https://www.cpp.edu/learndiscovery/index.shtml, 42
https://www.cpp.edu/~studentsuccess/, 47
https://asi.cpp.edu/student-government/about-sg/, 104
https://www.cpp.edu/safety/safer-return/key-areas-of-effort/library.shtml, 31
https://www.cpp.edu/class/, 108
http://www.cpp.edu/~student-accounting/index.shtml, 100
https://www.cpp.edu/safety/coronavirus/, 37
http://polycentric.cpp.edu/, 128
http://polycentric.cpp.edu/2020/11/future-forward-event-opens-career-opportunities-for-student-veteran/, 122
http://polycentric.cpp.edu/category/achievements/, 145
http://www.cpp.edu/~campus-life/index.shtml, 117
http://polycentric.cpp.edu/2020/10/grandfather-builds-mini-disneyland-in-his-own-backyard/, 99
http://events.cpp.edu, 22
https://www.cpp.edu/safety/coronavirus/offices-services.shtml, 89
https://www.cpp.edu/basicneeds/forms/assistance-application.shtml, 41
https://www.cpp.edu/~cce/, 65
https://www.cpp.edu/~orientation/, 51
https://www.cpp.edu/~mobile-app/, 75
http://polycentric.cpp.edu/browse-by-topic/, 112
https://mybar.cpp.edu/event/6610432, 10
https://www.cpp.edu/~studentsuccess/directories/advising-directory.shtml, 61
http://www.cpp.edu/~admissions/index.shtml#international, 72
https://www.cpp.edu/studentsuccess/oss/fye/common-read-events.shtml, 70
https://www.cpp.edu/~parking/index.shtml, 57
https://www.cpp.edu/events/, 22
https://www.cpp.edu/safety/safer-return/checklist/index.shtml, 31
http://www.cpp.edu/it/index.shtml, 49
https://www.cpp.edu/president/from-the-president/2020-fall/2020-election-patience-values.shtml, 66
https://www.cpp.edu/~testcenter/index.shtml, 1
https://www.cpp.edu/broncodreamers/carecen/about.shtml, 39
http://www.cpp.edu/~campus-life/student-activities/index.shtml, 91
https://www.cpp.edu/safety/safer-return/index.shtml, 54
https://www.cpp.edu/basicneeds/events/2019-hahaw.shtml, 49
https://www.cpp.edu/~our-cpp/, 59
https://foundation.cpp.edu/broncobucks/, 60
https://www.cpp.edu/academic-manual, 39
https://www.cpp.edu/learndiscovery/contact-us/contact.shtml, 48
https://www.cpp.edu/transportation/commuting-to-campus/bronco-shuttle.shtml, 30
https://www.cpp.edu/~campus-life/index.shtml, 117
https://www.cpp.edu/~outreach/pre-admission-advising.shtml, 29
https://www.cpp.edu/transportation/commuting-to-campus/riding-the-bus.shtml, 39
http://polycentric.cpp.edu/contact/, 99
https://www.cpp.edu/safety/safer-return/materials.shtml, 50
http://polycentric.cpp.edu/tag/internship/, 137
http://polycentric.cpp.edu/2020/10/okc-thunder-coaching-search-five-things-to-know-about-rex-kalamian/, 99
http://polycentric.cpp.edu/tag/students/, 145
https://apps.cpp.edu/bronco411/search/, 24
http://polycentric.cpp.edu/2020/, 145
http://www.cpp.edu/giving/where-to-give.shtml, 33
http://www.cpp.edu/~financial-aid/index.shtml, 141
https://www.cpp.edu/stratcomm/for-the-media.shtml, 89
http://www.cpp.edu/~aboutcpp/administration.shtml, 61
https://mybar.cpp.edu/event/6599470, 0
https://www.cpp.edu/safety/safer-return/key-areas-of-effort/academic-instruction.shtml, 34
http://www.cpp.edu/~campus-life/housing-dining/index.shtml, 36
http://www.cpp.edu/~library/index.shtml, 45
https://www.cpp.edu/file-viewers.shtml, 16
https://www.cpp.edu/em/emergency-communication/safety-alert-system.shtml, 94
https://www.cpp.edu/prospective-student-gateway/index.shtml, 151
https://www.cpp.edu/~studentsuccess/oss/early-start/, 20
https://www.cpp.edu/learndiscovery/contact-us/steering-committee.shtml, 30
https://www.cpp.edu/safety/safer-return/visitors/index.shtml, 35
https://my.cpp.edu/, 10
https://www.cpp.edu/safety/safer-return/managers/index.shtml, 60
https://www.cpp.edu/jobs/index.shtml, 91
https://www.cpp.edu/basicneeds/emergency-funds/grants.shtml, 39
https://www.cpp.edu/safety/safer-return/key-areas-of-effort/facilities.shtml, 32
https://www.cpp.edu/learndiscovery/students/ltd-fye-showcase.shtml#, 34
http://polycentric.cpp.edu/about/submissions/, 119
https://www.cpp.edu/learndiscovery/hatchery/index.shtml, 37
http://asi.cpp.edu/, 96
https://www.cpp.edu/privacy.shtml, 18
https://www.cpp.edu/learndiscovery/resources/podcasts.shtml, 42
https://www.cpp.edu/~lrc/, 34
http://www.cpp.edu/~oslcc/index.shtml, 55
http://www.cpp.edu/oslcc/greek-life/index.shtml, 26
http://www.cpp.edu/~admissions/index.shtml, 72
http://polycentric.cpp.edu/tag/jamie-orozco/, 103
https://www.cpp.edu/~studentsuccess/academic-calendar/index.shtml, 1
http://polycentric.cpp.edu/2020/10/915th-cyber-warfare-battalion-expeditionary-cyber-soldiers/, 99
https://www.cpp.edu/basicneeds/food-resources/cal-fresh-outreach.shtml, 40
https://www.cpp.edu/basicneeds/about/about-us.shtml, 36
https://www.cpp.edu/safety/safer-return/index.shtml#main, 54
https://www.cpp.edu/broncodreamers/index.shtml, 59
http://www.cpp.edu/~campus-life/health-wellness/index.shtml, 83
https://www.cpp.edu/registrar//transfer-credit-info/index.shtml, 59
https://www.cpp.edu/studentsuccess/virtual-advising-toolkit.shtml, 121
https://www.cpp.edu/campus-safety-plan.shtml, 15
http://polycentric.cpp.edu/category/announcements/, 145
https://www.cpp.edu/student-affairs/covid19.shtml, 72
https://www.cpp.edu/alumni/, 76
https://www.cpp.edu/~international/study-abroad/index.shtml, 116
https://www.cpp.edu/outreach/index.shtml, 35
http://www.cpp.edu, 90
http://polycentric.cpp.edu/2020/10/veterinarianprofessor-named-fulbright-specialist/, 115
https://www.cpp.edu/~outreach/tours.shtml, 27
https://www.cpp.edu/collins/, 42
https://www.cpp.edu/~giving/index.shtml, 31
https://www.cpp.edu/basicneeds/about/give.shtml, 38
https://www.cpp.edu/~honorscollege/index.shtml, 96
https://www.cpp.edu/, 90
https://asi.cpp.edu/childrens-center/, 115
https://www.cpp.edu/contact.shtml, 22
https://www.cpp.edu/~gradstudies/, 41
https://www.cpp.edu/sci, 56
http://polycentric.cpp.edu/2020/11/future-forward-event-opens-career-opportunities-for-student-veteran/#main, 122
http://polycentric.cpp.edu, 128
http://polycentric.cpp.edu/category/multimedia/photo-multimedia/, 138
http://polycentric.cpp.edu/2020/01/cal-poly-universities-rose-float-wins-for-outstanding-artistic-design/, 125
https://www.cpp.edu/polyadvantage/index.shtml, 39
https://www.cpp.edu/learndiscovery/faculty-and-staff/ltd-sandboxes.shtml, 30
http://polycentric.cpp.edu/2020/05/passing-of-campus-leader-in-student-affairs/, 110
https://www.cpp.edu/basicneeds/events/2020-hahaw.shtml, 45
http://www.cpp.edu/~academics/colleges-departments/index.shtml, 136
https://www.cpp.edu/~admissions/index.shtml, 72
http://www.cpp.edu/admin-affairs/index.shtml, 39
https://maps.cpp.edu/, 0
http://www.cpp.edu/giving/ways-give.shtml, 26
https://www.cpp.edu/~veterans/, 112
http://www.cpp.edu/campus-safety-plan.shtml, 15
http://polycentric.cpp.edu/tag/veteran-students/, 111
https://www.cpp.edu/basicneeds/index.shtml, 48
https://www.cpp.edu/~compass/, 25
https://www.ceu.cpp.edu/, 0
http://www.cpp.edu/annual-security-report.shtml, 12
http://www.cpp.edu/~extended-education/index.shtml, 90
https://www.cpp.edu/learndiscovery/news-and-events/events.shtml, 37
https://www.cpp.edu/student-gateway/index.shtml, 157
https://www.cpp.edu/~career/, 161
https://www.cpp.edu/police/programs-and-services/safety-escort-service.shtml#cso, 33
http://www.cpp.edu/~academics/majors-degrees/index.shtml, 81
https://www.cpp.edu/basicneeds/housing-resources/emergency-housing.shtml, 38
https://www.cpp.edu/safety/safer-return/key-areas-of-effort/technology-support.shtml, 33
https://www.cpp.edu/basicneeds/about/contact-us.shtml, 42
http://my.cpp.edu, 10
https://www.cpp.edu/alpha-index/index.shtml, 16
http://polycentric.cpp.edu/category/in-the-news/, 145
https://www.cpp.edu/safety/safer-return/auxiliary.shtml, 30
https://www.cpp.edu/aboutcpp/index.shtml, 62
https://www.cpp.edu/cafe/remote-teaching/, 56
http://www.cpp.edu/events/index.php?type=featured, 22
https://www.cpp.edu/basicneeds/about/staff.shtml, 40
https://www.cpp.edu/privacy.shtml#main, 18
http://www.cpp.edu/stratcomm, 84
http://polycentric.cpp.edu/tag/horses-for-heroes/, 107
https://www.cpp.edu/learndiscovery/students/ltd-fye-showcase.shtml, 34
https://www.cpp.edu/ceis/, 93
https://www.cpp.edu/~studentsuccess/bac/index.shtml, 1
https://www.cpp.edu/philanthropy/, 29
https://www.cpp.edu/library/index.shtml, 45
http://polycentric.cpp.edu/category/picture-of-the-day/, 153
https://www.cpp.edu/em/, 100
https://www.cpp.edu/learndiscovery/resources/index.shtml, 49
https://www.cpp.edu/safety/safer-return/key-areas-of-effort/events.shtml, 35
https://www.cpp.edu/learndiscovery/news-and-events/newsletter.shtml, 39
https://www.cpp.edu/cppmag/horses-for-heroes.shtml, 30
http://www.cpp.edu/student-affairs/index.shtml, 99
http://www.cpp.edu/~outreach/index.shtml, 35
https://www.cpp.edu/basicneeds/food-resources/meal-assistance.shtml, 38
https://www.cpp.edu/~studentsuccess/oss/graduation-pledge/index.shtml, 19
https://www.cpp.edu/~academics/colleges-departments/index.shtml, 136
https://www.cpp.edu/index.shtml, 90
https://www.cpp.edu/engineering/, 96
http://polycentric.cpp.edu/category/multimedia/video-multimedia/, 144
https://mybar.cpp.edu/organization/nasc, 0
https://www.cpp.edu/safety/safer-return/key-areas-of-effort/housing.shtml, 39
http://polycentric.cpp.edu/2020/09/us-news-ranks-cal-poly-pomona-no-2-top-public-school-in-west/, 121
https://www.cpp.edu/~police/index.shtml, 60
http://www.cpp.edu/outreach/tours.shtml, 27
http://www.cpp.edu/~academics/index.shtml, 111
https://www.cpp.edu/basicneeds/emergency-funds/clothes-closet.shtml, 39
http://portfolios.cpp.edu/, 96
http://polycentric.cpp.edu/tag/vrc/, 107
https://www.cpp.edu/~deanofstudents/bdrc/, 1
https://www.cpp.edu/safety/safer-return/index.shtml#item-1, 54
https://www.cpp.edu/accessibility.shtml, 20
http://polycentric.cpp.edu/tag/future-forward/, 103
https://www.cpp.edu/#main, 90
https://www.cpp.edu/website-feedback.php, 1
https://www.cpp.edu/health/bronco-wellness-services.shtml, 51
https://www.cpp.edu/~career/index.shtml, 161
https://www.cpp.edu/basicneeds/events/2020-hahaw.shtml#, 45
http://polycentric.cpp.edu/2020/11/future-forward-event-opens-career-opportunities-for-student-veteran/#content, 122
https://www.cpp.edu/~agri/, 126
http://www.cpp.edu/~stratcomm/for-the-media.shtml, 89
https://www.cpp.edu/basicneeds/events/calfreshoutreachday.shtml, 37
https://www.cpp.edu/inclusive-excellence/commitment-to-action/index.shtml, 22
https://www.cpp.edu/~academics/index.shtml, 111
http://polycentric.cpp.edu/2020/10/did-pioneer-venus-find-phosphine-first/, 99
https://www.cpp.edu/caps/index.shtml, 60
https://www.cpp.edu/studentsuccess/, 47
http://www.cpp.edu/~alumni/, 76
https://www.cpp.edu/~housing/housing-options/index.shtml, 122
http://www.cpp.edu/veterans/admissions/index.shtml, 116
http://polycentric.cpp.edu/category/multimedia/, 144
https://www.cpp.edu/~library/index.shtml, 45
https://polycentric.cpp.edu, 128
https://www.cpp.edu/learndiscovery/news-and-events/index.shtml, 39
http://polycentric.cpp.edu/2020/11/future-forward-event-opens-career-opportunities-for-student-veteran/#, 122
https://asi.cpp.edu/campusrec/, 120
https://www.cpp.edu/learndiscovery/students/ltd-fye-challenge.shtml, 37
http://www.cpp.edu/~academics/research.shtml, 94
https://www.cpp.edu/maps/, 0
https://www.cpp.edu/safety/safer-return/students/index.shtml, 59
https://www.cpp.edu/giving/about-us.shtml, 28
http://www.cpp.edu/~campus-life/campus-safety-info/index.shtml, 94
http://www.cpp.edu/~academics/academic-resources/index.shtml, 112
https://www.cpp.edu/basicneeds/events/2020-hahaw.shtml#main, 45
https://www.cpp.edu/~studentsuccess/oss/fye/index.shtml, 25
https://www.cpp.edu/safety/safer-return/key-areas-of-effort/student-life.shtml, 39
https://www.cpp.edu/health/index.shtml, 56
https://asi.cpp.edu/, 96
https://www.cpp.edu/basicneeds/forms/covid-19-resource-list.shtml, 37
https://www.cpp.edu/~financial-aid/, 141
http://www.cpp.edu/~officeofequity/, 73
http://www.cpp.edu/~campus-life/student-services/index.shtml, 105
https://www.cpp.edu/env/, 1
https://www.cpp.edu/basicneeds/events/hhawarenessweek.shtml, 37
https://www.cpp.edu/basicneeds/about/mailinglist.shtml, 36
https://www.cpp.edu/~aboutcpp/index.shtml, 62
http://polycentric.cpp.edu/tag/northrop-grumman/, 119
https://www.cpp.edu/em/emergency-procedures.shtml, 105
https://www.cpp.edu/giving/index.shtml, 31
